subject	screen_resolution	total_time	age	gender-categorical	gender-free-response	ethnicity	race	education	free-response
01b653iwjusnxf359qk7596t	[800, 1280]	301.795	23	Female		Not Hispanic or Latino	['White']	Bachelor degree	
0374obg53yvd969wid8t8a71	[900, 1440]	310.135	22	Female		Not Hispanic or Latino	['White']	Bachelor degree	
03i65ytrhnqf85c2lvnzb2ov	[864, 1536]	272.247	27	Other	non binary	Not Hispanic or Latino	['White']	Bachelor degree	yes, some of the images were too small. also difficult to differentiate the sets of items (no boxes around them like practice questions- not sure if that is intentional/a function of the study)
06hmew4su9ph9i5gigwdmwr4	[900, 1440]	334.56	26	Female		Not Hispanic or Latino	['White']	Bachelor degree	
06ul9f2coolrse6pnzjrdmbc	[800, 1280]	446.524	19	Female		Not Hispanic or Latino	['White']	High school	
08p6c81b1uflp82myo5nw9dl	[900, 1440]	520.08	24	Female		Not Hispanic or Latino	['White']	Bachelor degree	no comment
0989ahmna9dulp8bxcoynys0	[900, 1440]	301.022	24	Female		Not Hispanic or Latino	['White']	Bachelor degree	
0cuzisrtq2cdt8h5b4myuyfg	[900, 1440]	344.341	24	Female		Not Hispanic or Latino	['White']	Bachelor degree	
0k9ph5p70zb8x7iugjdl96mt	[900, 1440]	451.941	18	Male		Not Hispanic or Latino	['White']	Associate degree	that was hard
0lbef3rih04hlz20mpmkmfaq	[768, 1366]	494.357	40	Male		Not Hispanic or Latino	['White']	Some college	The puzzles were pretty tough, especially with the time limit.
0mifm1lzbxnc43588vf8k0ws	[800, 1280]	278.886	20	Female		Not Hispanic or Latino	['White']	Some college	
0o92lwkkod5ficj2jyqn0f60	[800, 1280]	172.696	22	Female		Not Hispanic or Latino	['Black or African American']	Bachelor degree	this was a really cool test 
0ppzryi0yvn8rzf45d469rfr	[900, 1440]	375.349	19	Female		Not Hispanic or Latino	['White']	Some college	
0q9kik5fwix8xvf50jzwrbv5	[900, 1440]	414.176	20	Male		Not Hispanic or Latino	['White']	Some college	interesting patterns
0sj1lawlpszd1lz6vql6z3wg	[900, 1440]	312.874	19	Female		Hispanic or Latino	['White']	High school	
0u9pna4ta2ooka59scvje5yw	[900, 1440]	416.795	22	Female		Not Hispanic or Latino	['White']	Bachelor degree	
10qcdilmyzfhgmbx4nbygedl	[900, 1440]	351.284	20	Female		Not Hispanic or Latino	['American Indian/Alaska Native']	Some college	
14asg0heo2pqnmiywh8uy4ly	[864, 1536]	400.783	18	Female		Not Hispanic or Latino	['White']	High school	no
16eppal8mpgpv1fgz4saqd0h	[900, 1440]	316.261	19	Female		Hispanic or Latino	['American Indian/Alaska Native']	Some college	
1993v4050stwong707xpjpem	[768, 1366]	480.816	33	Female		Hispanic or Latino	['White']	Some college	
1f4ok8tfzd4w2epe4epdjmgc	[834, 1194]	416.315	50	Female		Not Hispanic or Latino	['White']	Bachelor degree	
1g4j85q8ac65m5kej565zy01	[900, 1440]	275.299	18	Female		Hispanic or Latino	['White']	High school	
1g706fp1g62ojzs5t47qqpbt	[900, 1440]	480.884	21	Female		Not Hispanic or Latino	['White']	Some college	
1hq0a5sv7olx9j5ab2evp9yz	[900, 1440]	429.324	21	Female		Not Hispanic or Latino	['White']	Bachelor degree	
1lpe7v1rcx3fr2hpummtb1fs	[900, 1440]	450.106	25	Female		Not Hispanic or Latino	['White']	Master degree or higher	no comment
1naj3589qwupt0nxk4w2xmmx	[752, 1128]	232.543	18	Female		Not Hispanic or Latino	['White']	Some college	
1u89kobgictbxh3tts4p9ovc	[1080, 1920]	417.939	22	Female		Not Hispanic or Latino	['White']	Some college	
1y7vnm5uywcpkpjvywthival	[1080, 810]	224.006	21	Female		Hispanic or Latino	['White']	Some college	
2hbjprxch7iah7yy5j56wi0n	[900, 1440]	368.297	18	Female		Not Hispanic or Latino	['American Indian/Alaska Native']	Some college	
2jyaj21vurwztq2io1bo4wp5	[864, 1536]	301.408	22	Female		Not Hispanic or Latino	['Asian']	Bachelor degree	
2k38gxnthl0z3g7ni36g086k	[900, 1440]	415.568	25	Female		Not Hispanic or Latino	['Asian', 'White']	Bachelor degree	no comment
2kaeqgaaerdmpwoywpsxmeh7	[900, 1440]	317.984	18	Female		Not Hispanic or Latino	['White']	High school	no
2lwgshkagkjxlxrdwfrwqpas	[864, 1536]	383.405	18	Female		Not Hispanic or Latino	['White']	High school	
2lxcej2tk2tol6ie9pg9ephv	[900, 1440]	471.917	24	Female		Not Hispanic or Latino	['White']	Bachelor degree	
2noems6hp5m2jto7zpmavxm9	[900, 1440]	338.235	20	Female		Not Hispanic or Latino	['White']	High school	
2r5alrkbf4c9mvniy12cmrrp	[1080, 1920]	357.97	27	Female		Not Hispanic or Latino	['White']	Bachelor degree	no comment
2ryo3nqynuc45ekjibgor0yp	[800, 1280]	405.913	22	Female		Not Hispanic or Latino	['White']	Bachelor degree	no comment
2s9ape6golrvhw3wahi3m3r3	[900, 1440]	314.025	23	Female		Not Hispanic or Latino	['White']	Bachelor degree	
2upl5md6ptyi3ax9pp22y7fj	[1120, 1792]	269.401	32	Female		Not Hispanic or Latino	['White']	Bachelor degree	
2v9b3eic48aqgsgtr4i3rapv	[1050, 1680]	386.312	22	Female		Not Hispanic or Latino	['White']	Bachelor degree	
2xovrvkaxpz9tip2r8wsuig6	[900, 1440]	232.184	18	Female		Not Hispanic or Latino	['White']	High school	no comment
2yzqza7zsurmv8eryo1mz7rs	[1120, 1792]	282.319	27	Female		Not Hispanic or Latino	['White']	Bachelor degree	
33vgnwo4ptzhp430sqai90mc	[900, 1440]	252.061	22	Female		Not Hispanic or Latino	['White']	Bachelor degree	
35i1vwqxvv43ark5es4ehs0y	[864, 1536]	467.49	24	Male		Rather not say	['Black or African American']	High school	
374y9fwt2b00n99yi3ofx4qb	[1080, 1920]	266.4	23	Female		Not Hispanic or Latino	['White']	Bachelor degree	
39i7gcci8k1p1p0swddsw7qi	[900, 1440]	433.945	20	Female		Not Hispanic or Latino	['White']	Some college	
3abvws8gbp1d26tmli4e6a4t	[768, 1366]	363.948	20	Female		Not Hispanic or Latino	['White']	Some college	
3hrldrezqnbmcz7wsfqpk444	[900, 1440]	465.796	26	Female		Not Hispanic or Latino	['White']	Associate degree	
3i5irx9r0mj1u7jsd4eal9gx	[900, 1440]	312.909	20	Female		Not Hispanic or Latino	['White']	Some college	
3lbs4rayaxcbl7hqxk7spw6s	[1080, 1920]	247.356	25	Female		Not Hispanic or Latino	['American Indian/Alaska Native']	High school	
3mlg5gieakg52hh4kb0xgrbx	[1120, 1792]	380.386	21	Female		Not Hispanic or Latino	['White']	Bachelor degree	
3op34p5re2dqxm85smzsl7o7	[1152, 2048]	425.632	31	Female		Not Hispanic or Latino	['White']	Bachelor degree	
3r2ifq00z06hun105tincwcm	[1050, 1680]	285.235	26	Female		Not Hispanic or Latino	['White']	Bachelor degree	
3ryh9gpnd9mp6935pdj9x6u7	[900, 1440]	379.282	18	Female		Hispanic or Latino	['White']	High school	
3sf7bhi9na56hcqeqo68gpgl	[900, 1440]	340.957	19	Female		Not Hispanic or Latino	['Asian']	Some college	
3z2z4oqvsyxn2lwrqjavmvfm	[1050, 1680]	342.306	19	Female		Not Hispanic or Latino	['White']	Some college	
3zxobbu2jzlvm8lhki7czl8t	[720, 1280]	346.927	24	Female		Not Hispanic or Latino	['Black or African American']	Bachelor degree	
47rjc265202ngfb9rcn5q489	[900, 1440]	296.898	23	Female		Hispanic or Latino	['White']	Bachelor degree	I felt pressured so it made me confused a lot of the times. Still interesting to do. I thought I did better than my actual score!
494n14p8nmsroi0grjhd1tdz	[800, 1280]	436.114	28	Female		Not Hispanic or Latino	['Black or African American']	Bachelor degree	
4dmuir6ip4hx9eryfxcq2rrg	[1440, 2560]	348.684	30	Female		Not Hispanic or Latino	['Black or African American', 'White']	Some college	
4f3an3rrow7k3ie0j752t45k	[912, 1368]	467.17	24	Female		Hispanic or Latino	['White']	Associate degree	
4h5yju9ncyeiyah2g5oi6vgt	[900, 1440]	215.473	21	Female		Not Hispanic or Latino	['White']	Bachelor degree	
4i8fdqxxcxtx42msnwvy3e5p	[900, 1440]	366.747	30	Female		Unknown	['White']	Master degree or higher	
4mhzsuh7xfod2do73mss6ig2	[900, 1440]	228.07	21	Female		Not Hispanic or Latino	['White']	Some college	
519zbyjdj3cdg883oowodetg	[960, 1708]	149.133	45	Male		Not Hispanic or Latino	['White']	Master degree or higher	
51brojcur0ahwcou0zeiofr4	[900, 1440]	273.544	22	Female		Not Hispanic or Latino	['White']	Bachelor degree	Thank you!
525crgtd5xx14lsyudfeth8r	[1120, 1792]	283.619	23	Female		Not Hispanic or Latino	['White']	Bachelor degree	
56rfelahgx44yaqkd2iu7s0n	[900, 1440]	367.293	23	Female		Not Hispanic or Latino	['White']	Bachelor degree	
59ngy801iiqpmbpdnlmfjeei	[900, 1440]	263.334	18	Female		Not Hispanic or Latino	['White']	High school	N/A
5crlydz5xjnujl7cw511iew5	[1050, 1680]	318.894	23	Female		Not Hispanic or Latino	['White']	Bachelor degree	
5g41xp889l6rn0ju6xu3b53m	[900, 1440]	229.171	18	Female		Not Hispanic or Latino	['White']	High school	
5jy2qnd6t58agficsjd2vths	[1152, 2049]	308.839	40	Female		Not Hispanic or Latino	['Black or African American']	Master degree or higher	None
5la01jwgjd5r0smzsld92t1m	[912, 1368]	339.355	19	Female		Not Hispanic or Latino	['White']	Some college	
5m8lau3ky2gtgpbmnr8kuv4g	[864, 1536]	466.844	31	Female		Not Hispanic or Latino	['White']	Some college	
5m92mo123e9gh0jbia35or3b	[900, 1440]	279.162	19	Female		Not Hispanic or Latino	['White']	Some college	
5nbu6wm0asr5wgoe8y4yoz5b	[768, 1366]	359.059	19	Female		Hispanic or Latino	['White']	High school	
5rx4okg7d5vk026dtzkaxc0m	[1914, 980]	618.214	19	Female		Not Hispanic or Latino	['White']	Associate degree	
5w8iljymylasl128wlos7fim	[900, 1440]	312.519	22	Female		Not Hispanic or Latino	['White']	Bachelor degree	
600h90dv4z92iv06ocn127ze	[864, 1536]	400.804	18	Female		Not Hispanic or Latino	['White']	High school	
61e4vo4vrncsxadrq3jv3je1	[1000, 1500]	228.708	20	Female		Not Hispanic or Latino	['Asian']	High school	
657qttkac7rp4n21ts58rxcd	[900, 1440]	319.445	24	Male		Not Hispanic or Latino	['White']	High school	
67heohzr97c0kcq6lwqjqc10	[768, 1366]	393.994	21	Female		Not Hispanic or Latino	['White']	Bachelor degree	
68td3tbgc9pgeihse2uscazd	[1080, 1920]	417.748	19	Female		Not Hispanic or Latino	['White']	Some college	no comment
6a80r7h6mc233wfkku689f8n	[900, 1440]	254.78	41	Female		Not Hispanic or Latino	['White']	Some college	
6dgt2qu2enlze2oxudlmz2tv	[900, 1440]	745.057	18	Male		Hispanic or Latino	['White', 'Rather not say']	High school	The puzzles really made me realize how much I pay attention to details. Some of the more complicated puzzles had smaller shapes which were difficult to focus on, but other than that, it was a fun experiment.
6dsauyx0839dqhnltlqi16cm	[864, 1536]	287.546	22	Male		Not Hispanic or Latino	['White']	Bachelor degree	
6eywh4zy4by0a1c781864e0m	[768, 1366]	330.207	25	Female		Not Hispanic or Latino	['White']	High school	no comment
6ml3i9hxab3g5ldho73rp53t	[683, 1708]	422.824	42	Male		Not Hispanic or Latino	['White']	Master degree or higher	
6nprfiv7nfr7axt7mv51m4p4	[864, 1536]	383.869	30	Female		Not Hispanic or Latino	['White']	Master degree or higher	
6pu02mdi58xe1h5bt0sln0th	[800, 1280]	362.101	24	Female		Not Hispanic or Latino	['Asian']	Bachelor degree	
6sqzntxosrpt76sm28lb0w81	[900, 1440]	395.384	26	Female		Not Hispanic or Latino	['White']	Master degree or higher	Interesting!
71a0cmlv8tcccrsg49rz5ty6	[360, 722]	287.446	24	Male		Not Hispanic or Latino	['White']	Bachelor degree	
77ns1fox63i44jwup2r16uud	[1200, 1920]	364.025	24	Female		Not Hispanic or Latino	['White']	Bachelor degree	no comment
77poyt1iy1cqjcjztrjtaqk2	[800, 1280]	231.626	23	Female		Not Hispanic or Latino	['White']	Bachelor degree	
7e1qtuicoel8euz710kf6m0t	[1067, 1707]	167.074	22	Female		Not Hispanic or Latino	['White']	Bachelor degree	
7escbsueprx85mqubp6ejsc1	[900, 1440]	506.889	22	Female		Not Hispanic or Latino	['White']	Some college	
7n3smquj1y0u5ggz6o4feidf	[1497, 862]	168.08	19	Male		Rather not say	['White']	High school	
7o693dgge46kfallr2wivb9t	[864, 1536]	348.054	26	Female		Not Hispanic or Latino	['White']	Bachelor degree	
7x6ngqb8r29sszek04wz6876	[764, 360]	474.132	34	Male		Not Hispanic or Latino	['Black or African American']	Master degree or higher	No comments 
7xfgwhsicmn01xvjvttcoxae	[1080, 1920]	320.054	27	Male		Not Hispanic or Latino	['White']	Master degree or higher	
7zx5y8m5887yrnnoqc2xfk5a	[900, 1600]	318.689	20	Female		Not Hispanic or Latino	['White']	Some college	
81lfve8j4tgfyj20fo1gx0nj	[1050, 1680]	322.403	20	Female		Not Hispanic or Latino	['White']	Some college	N/A
873jao078mf4v86xccmcv7vj	[900, 1440]	331.855	28	Female		Not Hispanic or Latino	['Black or African American', 'White']	Master degree or higher	
8qnoyczn985a0zzvg8iv7gfk	[864, 1536]	364.503	19	Female		Not Hispanic or Latino	['White']	Some college	some were so simple, other i completely guessed
8t7d0pmrn1b87qagwkta8lg1	[900, 1440]	370.745	18	Female		Not Hispanic or Latino	['White']	High school	
96d32q3ghoqw31xzl9a9fe5y	[1080, 1920]	423.893	19	Female		Not Hispanic or Latino	['White']	Associate degree	
9f66o33e03dp9zq1aqgl39ma	[900, 1440]	363.756	18	Female		Not Hispanic or Latino	['Black or African American']	High school	
9k53ht6h0096rwmabzdwat9q	[800, 1280]	390.787	22	Female		Not Hispanic or Latino	['White']	Bachelor degree	no comment
9kdpimklx03e225ptr8p71hl	[1200, 1920]	428.61	26	Female		Hispanic or Latino	['Black or African American', 'White']	Bachelor degree	
9n3ckjytby15xji8m3759ga0	[900, 1440]	399.741	19	Female		Not Hispanic or Latino	['Black or African American']	High school	no comment.
9s88tid5d5r16f6vib0lf7ts	[900, 1440]	276.515	22	Female		Not Hispanic or Latino	['White']	Bachelor degree	
9w63piyvhpvu41rg6hlvkhcm	[900, 1440]	522.976	24	Female		Not Hispanic or Latino	['White']	Bachelor degree	The images could have been a little bigger.
9xa74pq6zv5iuhqmqrrbbohr	[1080, 810]	385.583	21	Female		Not Hispanic or Latino	['White']	High school	
a7s3mle8ync7kby44ns1h7qo	[900, 1440]	419.845	22	Female		Not Hispanic or Latino	['White']	Bachelor degree	
a9j1vgtfo3sv3mawiwd5fzke	[800, 1280]	385.105	24	Female		Not Hispanic or Latino	['White']	Bachelor degree	
abvx0zr98mor3p6u1ephdtu2	[720, 1280]	399.501	22	Female		Not Hispanic or Latino	['White']	Bachelor degree	Hard with little time to think so quickly.
acqwehlaccazo1mzzwbp5nsp	[900, 1440]	437.745	22	Female		Not Hispanic or Latino	['White']	Bachelor degree	Images were slightly too small but I was still able to complete without difficulties. 
ahyugxeoijrv20jhzvh0is5x	[702, 1440]	208.682	24	Female		Not Hispanic or Latino	['Asian']	Bachelor degree	n/a
amuv7s75gam5t23pab21eh4h	[643, 1536]	335.976	40	Male		Not Hispanic or Latino	['White']	Master degree or higher	
atbnkyroienosrs34i83sn65	[900, 1600]	375.291	25	Female		Not Hispanic or Latino	['White']	Bachelor degree	
aybj3bf5m8erk4pbq7lzgqqi	[900, 1440]	189.45	30	Female		Not Hispanic or Latino	['White']	Bachelor degree	
ayfyomaj1p5tpm3lfoizl6sb	[800, 1422]	420.764	19	Female		Hispanic or Latino	['White']	High school	
b02ynma46gkvi2oekullmd05	[768, 1360]	420.686	34	Male		Not Hispanic or Latino	['White']	Some college	
bb80jdftgq7kmwo1trya5270	[1050, 1680]	336.682	18	Female		Not Hispanic or Latino	['White']	High school	
bbekbqw42edxfqxfctcq1dcu	[900, 1440]	362.323	18	Female		Not Hispanic or Latino	['White']	High school	
bff9yq6yewxz00mevh91oumy	[1080, 1920]	441.42	50	Female		Not Hispanic or Latino	['White']	Master degree or higher	
bhaik4194elrqjdyspvfje6k	[900, 1440]	287.196	21	Female		Not Hispanic or Latino	['Asian', 'White']	Some college	
bsoumkwyunhkdjghfxbwaf1w	[900, 1440]	434.281	21	Female		Not Hispanic or Latino	['White']	Some college	
bt6bmnj5ivm0ethe5egicg86	[854, 1280]	291.158	19	Female		Unknown	['Black or African American', 'White']	High school	
bt97c9t7xjxxjos1o72mhekg	[1024, 1366]	281.877	20	Female		Hispanic or Latino	['White']	Bachelor degree	
bxdo8xn8jhec6tnszflnl1y3	[768, 1366]	523.636	26	Female		Not Hispanic or Latino	['White']	Less than high school	The game was great! Those were hard! 
bxppgpgutln8cb2zcgioxrmw	[900, 644]	338.371	36	Male		Hispanic or Latino	['White']	Master degree or higher	
c0z9cvpak4g45tssgg7e7f6b	[800, 1280]	376.484	25	Female		Not Hispanic or Latino	['White']	Bachelor degree	
c1wpouj7vjiq0ry1jkuh00fp	[900, 1440]	381.341	26	Female		Not Hispanic or Latino	['White']	High school	
c4m0py2ssiawmnlcbb1mjmm0	[722, 1536]	388.072	31	Female		Not Hispanic or Latino	['White']	Bachelor degree	
c6kcn71dud6b63c0bgd1cuhr	[900, 1440]	445.463	18	Female		Not Hispanic or Latino	['White']	High school	These puzzles were very engaging and fun to complete
c786aq5xp32tkx5zyug00sw6	[900, 1440]	369.886	28	Female		Not Hispanic or Latino	['White']	Master degree or higher	no comment
cb7na65pq0i7iseu49kxexax	[1440, 2560]	334.759	34	Female		Not Hispanic or Latino	['White']	Associate degree	my eyes hurt, there were so many colors and patterns happening!
ccgep1ifodczpusfyihlwlz9	[900, 1440]	336.739	29	Female		Not Hispanic or Latino	['Asian']	Bachelor degree	
cg3vvn1tjzbrpnbvfz4pty8h	[864, 1536]	371.619	34	Female		Not Hispanic or Latino	['White']	Master degree or higher	
d1iqojx3bun3xqewwawraga3	[900, 1600]	264.232	22	Female		Not Hispanic or Latino	['Asian']	Master degree or higher	
d58i8ccvptnsejzpxl9qlmz9	[900, 1440]	353.792	19	Female		Not Hispanic or Latino	['White']	Some college	
dh38d9j34jm2cdl5d6ydkkh3	[912, 1368]	347.438	20	Female		Hispanic or Latino	['White']	High school	
dkf95cnxz66jj22l7hqilqit	[1050, 1680]	336.971	24	Female		Not Hispanic or Latino	['White']	Bachelor degree	
e0d6ozvvczfi2onlnbd25pds	[768, 1024]	479.077	41	Female		Not Hispanic or Latino	['White']	Master degree or higher	I enjoyed this study. Thank you.
e3s7n9y4m8iyw5cnuw29obne	[900, 1440]	430.62	27	Female		Not Hispanic or Latino	['White']	Master degree or higher	
e457si1cryb8ngg63bn2rlq4	[864, 1536]	479.041	24	Female		Not Hispanic or Latino	['White']	Bachelor degree	no comment
e6skreil0qv5xi9lz3jdbuzn	[768, 1366]	421.978	48	Female		Not Hispanic or Latino	['White']	Bachelor degree	it was hard
e77hf5o6w3q43gbom9m8ogwf	[1080, 1920]	365.18	23	Female		Not Hispanic or Latino	['White']	Bachelor degree	
e7harksgfhkubx4bdfplzbde	[900, 1440]	285.977	21	Female		Hispanic or Latino	['White']	Some college	
eaas1cuxkhqr7v577exoxg9v	[768, 1366]	271.536	19	Female		Not Hispanic or Latino	['White']	Some college	
ebywst0owenzq5k92fv1qts1	[1080, 1920]	280.075	26	Female		Not Hispanic or Latino	['Rather not say']	Bachelor degree	
ede69j5wvuy3hozsnxp8ud3y	[900, 1440]	336.077	20	Female		Not Hispanic or Latino	['White']	Some college	
efowokuys8arg7n86rv64faf	[900, 1440]	468.54	23	Female		Hispanic or Latino	['Rather not say']	Master degree or higher	
efzfuniof4jdohpmv957eyv6	[960, 1536]	700.126	26	Female		Not Hispanic or Latino	['Black or African American', 'White']	Some college	
ejfxhx1iij9eu38sz3sq9ji0	[800, 1280]	311.614	32	Female		Not Hispanic or Latino	['White']	Bachelor degree	
emku8jh73bkwfnv0u3ihsear	[800, 1280]	295.661	23	Female		Not Hispanic or Latino	['Asian']	Bachelor degree	
eoz3hva9mqbhlx1td76x3hfb	[900, 1440]	330.959	21	Female		Not Hispanic or Latino	['White']	Bachelor degree	
eq6ohwyssrmeux0jlhtqpgzw	[900, 1440]	313.056	21	Female		Not Hispanic or Latino	['White']	High school	
etlhy2q3u8q1gfo4j49kwxpg	[900, 1440]	308.941	24	Female		Not Hispanic or Latino	['White']	Bachelor degree	
f3jnwesjt4x6d8pbcyv3xgg9	[900, 1440]	416.853	26	Female		Not Hispanic or Latino	['White']	Master degree or higher	 NA
f9hiqawiwe8kyaax9wmrf7q1	[900, 1440]	330.42	20	Female		Not Hispanic or Latino	['Asian']	Some college	
fc1ey3zt9gnf40jb1eeecmri	[864, 1536]	266.999	28	Male		Not Hispanic or Latino	['White']	Master degree or higher	
fc4owb5j1x5mwpits1i0ifux	[900, 1440]	337.676	25	Female		Not Hispanic or Latino	['White']	Bachelor degree	no comment
fh64ksnjqrfaqmkutsll5m1k	[800, 1422]	331.822	21	Female		Hispanic or Latino	['White']	Associate degree	
fmpczllz4lb14nqdzrav7np3	[768, 1366]	301.692	35	Female		Not Hispanic or Latino	['White']	Some college	
fuvfnvxti1ujnyyojvpjqica	[900, 1440]	230.954	20	Female		Not Hispanic or Latino	['White']	Some college	
fve9j6js22pubgc94k5hbt45	[864, 1536]	391.304	22	Female		Not Hispanic or Latino	['White']	Bachelor degree	
fxgjr077y3vdn9a9ll5tgb0o	[1050, 1680]	439.739	20	Female		Not Hispanic or Latino	['White']	Some college	
g25wj0lnxn5lnaeqqd7n7r3l	[800, 1280]	439.915	23	Female		Not Hispanic or Latino	['Asian']	Bachelor degree	no comment
g6joz7lm0w3qb9p74kkymnoj	[900, 1440]	417.605	30	Female		Not Hispanic or Latino	['White']	Bachelor degree	
g8h72zta2vegwiej6psdia0w	[900, 1440]	368.177	22	Female		Not Hispanic or Latino	['White']	Bachelor degree	
g9dv3o9qvr5au55mpi8l04kn	[900, 1440]	448.664	20	Female		Hispanic or Latino	['White']	Bachelor degree	
gcrsxezjypxo1hjjgdwu3v8w	[900, 1440]	346.225	21	Female		Not Hispanic or Latino	['White']	Some college	
gume9hgou9sjzjclxmhregyb	[800, 1280]	390.316	22	Female		Hispanic or Latino	['Native Hawaiian or other Pacific Islander', 'White']	Bachelor degree	
gvvwe3yhv93iylqh4wyp3f7l	[1080, 1920]	341.482	24	Female		Not Hispanic or Latino	['White']	Bachelor degree	
h18sl0uzre6b5zxnhwhmdy75	[864, 1536]	252.132	23	Female		Not Hispanic or Latino	['White']	Associate degree	
h1b8fzr5yvivjatgmpky09as	[1080, 1920]	491.694	23	Male		Not Hispanic or Latino	['White']	Bachelor degree	
h5kxorb7y16janzno0954hxu	[864, 1536]	289.728	41	Female		Not Hispanic or Latino	['White']	Associate degree	
h9ulbda6kyo86dz1r3ok919y	[900, 1440]	498.309	30	Male		Not Hispanic or Latino	['White']	Bachelor degree	
hcgqxkgi31pnmw4ald6939o2	[900, 1440]	264.936	20	Female		Not Hispanic or Latino	['White']	Some college	
hdjmkdt1bbt19pghamosswp4	[900, 1440]	196.828	22	Female		Not Hispanic or Latino	['Asian']	Bachelor degree	
hjat3yqi4wglye3ofs05slg6	[768, 1366]	392.396	19	Female		Not Hispanic or Latino	['Black or African American', 'White']	High school	
hjwh9ijhdurnaa2d9qjpllib	[900, 1440]	310.742	21	Female		Not Hispanic or Latino	['White']	Associate degree	
hkc5g4tfvvxksxl8fpes0b8x	[800, 1280]	338.957	32	Female		Not Hispanic or Latino	['White']	Master degree or higher	
hqy02nwsru1x2s68xiyf24v6	[900, 1600]	265.878	20	Female		Not Hispanic or Latino	['White']	Master degree or higher	
hy7o9kskrsid8hooqf7pzb7l	[900, 1440]	315.413	20	Female		Not Hispanic or Latino	['White']	Bachelor degree	
i0r8hlejxp0h44sk6ryrcmhb	[768, 1366]	506.1	22	Female		Not Hispanic or Latino	['White']	Bachelor degree	Changing the background color might make the puzzles a little easier to focus on instead of the white on white.
i2i239ol3f0ie67ekfoadw2e	[800, 1280]	267.178	21	Female		Not Hispanic or Latino	['White']	Bachelor degree	
ilswa1taczugh1qrxzb99kh8	[768, 1366]	319.44	26	Female		Not Hispanic or Latino	['White']	Bachelor degree	
io6ih8gdu16ravkom65428yy	[900, 1440]	365.306	21	Female		Not Hispanic or Latino	['American Indian/Alaska Native', 'White']	Bachelor degree	
iqiu17nsh7x9nps1kegka46e	[768, 1366]	407.298	21	Female		Hispanic or Latino	['White']	High school	
iqzqc9sjiflfd8lbbtyq6hsu	[960, 1536]	305.085	20	Female		Not Hispanic or Latino	['White']	Bachelor degree	this was very challenging 
irnft15fp2p3fhf7d5f3agze	[900, 1440]	487.392	19	Female		Not Hispanic or Latino	['White']	Some college	
j1ak1n8jch6npeswoykd666h	[900, 1440]	237.171	19	Female		Not Hispanic or Latino	['White']	Some college	
j1nj33xq2lblefqzxscp39ws	[864, 1536]	419.679	25	Female		Not Hispanic or Latino	['White']	Bachelor degree	
j4c43dpxgguttyuloto79cgb	[750, 952]	344.85	22	Female		Hispanic or Latino	['White']	Bachelor degree	
j84q70ouh8xjdfihaqi7ift3	[768, 1366]	286.905	22	Female		Not Hispanic or Latino	['White']	Bachelor degree	
jcuzfqtc6ix8gnt72cpgz18k	[900, 1440]	388.68	27	Female		Not Hispanic or Latino	['White']	Master degree or higher	
jfsnnu8f0p9njpnp6rc197y8	[768, 1366]	322.691	29	Female		Not Hispanic or Latino	['White']	Bachelor degree	
jjfnfw18g939gvyxorb47kzl	[1080, 1920]	349.556	24	Female		Not Hispanic or Latino	['White']	Bachelor degree	
jl8x9j26pqmzu6kkqbzrm9oq	[912, 1368]	409.407	38	Female		Not Hispanic or Latino	['White']	Master degree or higher	
jm35w2st90386e0k3vb9y58w	[900, 1440]	410.762	25	Female		Not Hispanic or Latino	['White']	Master degree or higher	
jm8ew546gz82xetgzl45bnoj	[768, 1366]	643.669	18	Female		Not Hispanic or Latino	['White']	High school	
jv21u26nphr3v0ll0aqzmgjt	[864, 1536]	382.764	24	Female		Hispanic or Latino	['Black or African American', 'White']	Master degree or higher	
jw0b27li9y08fwt3c1hlwde6	[900, 1440]	259.791	20	Female		Not Hispanic or Latino	['White']	Some college	
jw5oo0yhin4qimzacl6lb8h0	[900, 1440]	404.644	23	Female		Not Hispanic or Latino	['Asian']	Bachelor degree	
jyelr9z8wzblfvz60r55tvmt	[1080, 2560]	145.917	22	Female		Hispanic or Latino	['White']	Master degree or higher	
jzhlr225coxisf9f1w0z51na	[834, 809]	374.437	27	Other	agender	Not Hispanic or Latino	['White']	Bachelor degree	
k63nm6xu53y22d5z40fjszis	[900, 1440]	487.974	23	Female		Not Hispanic or Latino	['Asian']	Bachelor degree	
k96wsef1uvtw2k1coek7xzll	[800, 1280]	298.114	23	Female		Not Hispanic or Latino	['White']	Bachelor degree	
k9nrrbxe40yo6i2w7iaim9gn	[900, 1440]	385.654	22	Female		Not Hispanic or Latino	['White']	Bachelor degree	
kc0xdzmg8c721vp7p0g57vxt	[900, 1440]	440.342	21	Female		Hispanic or Latino	['White']	Some college	
kcm26ywva9a56n9g1yvaseq0	[900, 1440]	318.452	24	Female		Not Hispanic or Latino	['White']	Master degree or higher	
kjug4mgepjzfvvg01oodd05x	[1080, 1920]	424.052	35	Female		Not Hispanic or Latino	['White']	Bachelor degree	
kk3fnz2y79llszrouyupfsfe	[720, 1280]	302.21	22	Female		Not Hispanic or Latino	['White']	Bachelor degree	n/a
knecwp679n8ghawea6q3yt8b	[800, 1280]	362.711	18	Female		Not Hispanic or Latino	['Asian', 'White']	High school	
ktow6kw8aysm42c0aj1m7xt1	[768, 1366]	469.668	22	Male		Not Hispanic or Latino	['White']	Some college	
l17esoy8522slwizblysi54z	[900, 1440]	488.221	25	Female		Not Hispanic or Latino	['White']	Master degree or higher	might be helpful to have the countdown the whole time or not at all
l3fjxmpgvhqd62lh4ygdosn4	[900, 1440]	253.464	21	Female		Not Hispanic or Latino	['White']	Bachelor degree	More time allowance per puzzle; i.e. 1 minute each.
l9kljxhr127ktygvd9qqzyl7	[900, 1440]	420.807	20	Female		Not Hispanic or Latino	['White']	Some college	no comment
ldpc5n99w6gkzs6bp0s9ir3e	[1080, 1920]	470.96	21	Female		Not Hispanic or Latino	['White']	Some college	no comment
lhal8ik1dey46k0wqix8sosa	[1080, 1920]	350.19	22	Female		Not Hispanic or Latino	['White']	Bachelor degree	
lhyb1408gv6hehkjosvvw05c	[1080, 1920]	394.114	20	Male		Not Hispanic or Latino	['White']	Some college	
lne6b2sc369e77qndf805b3r	[900, 1440]	377.245	26	Female		Not Hispanic or Latino	['White']	Bachelor degree	n/a
lngzox5bj2d35flsl8kxlsqw	[864, 1536]	285.615	19	Female		Not Hispanic or Latino	['White']	Some college	:)
lourr98z7q0puhk3us67jqo3	[912, 1368]	278.826	23	Other	genderfluid	Not Hispanic or Latino	['White']	Some college	
lrbc9ul7jb1toqh4v7rrznq5	[768, 1366]	444.657	24	Rather not say		Hispanic or Latino	['Rather not say']	Associate degree	
lrqwr6lwgjobc51tpb2c9xcr	[900, 1440]	335.014	19	Other	Nonbinary	Not Hispanic or Latino	['White']	Some college	
lvi5uyy62oqz8ezppjb5hqma	[1050, 1680]	482.438	27	Male		Not Hispanic or Latino	['White']	Bachelor degree	
lx3g3bv04t3mr2okswk2n8i0	[1080, 1920]	239.411	23	Female		Not Hispanic or Latino	['White']	Bachelor degree	
m3954mo4pkct7zqrbrhf515w	[1080, 1920]	409.041	22	Female		Not Hispanic or Latino	['White']	Some college	
m7ml1hwaw9rcn9rygsaymswi	[900, 1440]	355.962	19	Female		Not Hispanic or Latino	['White']	Some college	
mntyrnyptu7qqmuo91pcobp4	[1440, 2560]	185.911	25	Female		Not Hispanic or Latino	['White']	Master degree or higher	
mpkpgpnt7xcg2asn923jgdqq	[1152, 2049]	182.471	36	Female		Not Hispanic or Latino	['Black or African American']	Master degree or higher	
mve82ia7hk2o8gxhbur1gamc	[800, 1280]	344.892	30	Female		Not Hispanic or Latino	['White']	Some college	
mwdlqj9cqjexto0k2m6vlx1f	[864, 1536]	244.775	20	Female		Not Hispanic or Latino	['White']	Some college	
mxlmjd44p6himfpjh91z6fmh	[900, 1440]	306.36	18	Female		Not Hispanic or Latino	['White']	High school	none
n0j766vxuq6aq3qtqwrilhmp	[900, 1440]	271.596	18	Female		Not Hispanic or Latino	['White']	High school	no comment
n14t0ymfo8ely4zdy29ulv8g	[900, 1440]	421.085	35	Male		Not Hispanic or Latino	['White']	Master degree or higher	
n3yir0mho6jsrz6wg7udgufo	[900, 1440]	434.275	18	Female		Not Hispanic or Latino	['White']	High school	Very clear images. Easy to understand instructions
n63idqo92li7kaqqw7masjwq	[900, 1600]	518.678	18	Female		Not Hispanic or Latino	['White']	High school	No comment
nb4v84vbhb8iyhhar368g0g8	[1440, 2560]	376.448	21	Female		Hispanic or Latino	['White']	Some college	
necm8o0d3jvf7uyccz3g51mb	[864, 1536]	410.017	18	Female		Not Hispanic or Latino	['Black or African American']	Associate degree	
nhl8x7eujej6gd2jj5s0qe0n	[864, 1536]	348.818	19	Female		Not Hispanic or Latino	['Asian']	Some college	
nkqid0cn75gfpgt5htojb9nu	[900, 1440]	237.13	19	Female		Unknown	['White']	High school	
nl03aokfbrgf832h7a8fzfls	[864, 1536]	289.258	18	Female		Not Hispanic or Latino	['White']	High school	
nl0jyy0xszfffzlbkuveh336	[900, 1440]	470.844	20	Female		Not Hispanic or Latino	['White']	Associate degree	none
nnbpf3cs8crba2hqfievmmws	[864, 1536]	500.052	19	Male		Not Hispanic or Latino	['White']	Some college	I am not convinced that there were patterns in the images.
nnpnxu035nr2jn47p9hb4mwn	[1440, 2560]	462.086	20	Male		Not Hispanic or Latino	['White']	High school	
noiqmbscbspfc2y0y6vznv56	[858, 1525]	426.289	44	Male		Not Hispanic or Latino	['White']	Master degree or higher	Interesting
nr0bhsx29bitsjt5agofl2xp	[900, 1440]	428.123	23	Female		Not Hispanic or Latino	['White']	Bachelor degree	
nt17df92nh15u5kuepgd2zdf	[864, 1536]	254.824	21	Female		Not Hispanic or Latino	['White']	High school	No comment
o7hgvk3h6aowiopffw7p938l	[1920, 1080]	213.465	18	Female		Not Hispanic or Latino	['White']	Some college	
o7n6ozmpmpwzjvrvr1yytrwm	[864, 1536]	338.442	26	Female		Not Hispanic or Latino	['White']	Bachelor degree	
o8umkr95qyly8rgf0rtmcy3s	[864, 1536]	184.754	24	Female		Hispanic or Latino	['White']	Some college	no comment
ossnddhxij8isfps0srjzpau	[1080, 1920]	378.56	22	Female		Not Hispanic or Latino	['White']	Bachelor degree	
ouw6wphsab42qxavim9erpan	[900, 1440]	422.876	25	Female		Not Hispanic or Latino	['White']	Bachelor degree	
owqpf659onftyp18ksy7ksrd	[900, 1440]	414.476	21	Female		Not Hispanic or Latino	['Asian']	High school	
oz9hqthy74lrv45itbc7rlyh	[864, 1536]	323.915	20	Female		Not Hispanic or Latino	['White']	Some college	
p160r00itrmxr9ncm3cop402	[800, 1422]	286.131	21	Female		Not Hispanic or Latino	['White']	Some college	
p2gx2i4tp0sbon7r3746jdl1	[720, 1280]	323.837	18	Female		Not Hispanic or Latino	['White']	Some college	
p8q6xgeuz66a7fiaq9l4ldi7	[1080, 1920]	370.027	20	Female		Not Hispanic or Latino	['White']	Some college	
pcoe9w68pra5y46bb60p4z2h	[1080, 1920]	320.886	25	Female		Not Hispanic or Latino	['White']	Bachelor degree	That was the most difficult pattern study I've ever done. Fun though!
phn90p3430q5bahnnidc70w9	[1786, 980]	332.731	38	Female		Not Hispanic or Latino	['White']	Bachelor degree	
phy0n8m41hplzy9qx3z4ofek	[1050, 1680]	212.45	20	Female		Hispanic or Latino	['White']	Some college	
pig2ct90qeloylu8x9ggbg5s	[810, 1080]	401.263	25	Female		Not Hispanic or Latino	['White']	Bachelor degree	
pjvbs9rsw6va3122ewavzsw2	[735, 1307]	411.053	35	Female		Not Hispanic or Latino	['White']	Some college	The pressure of the timer makes it harder. 
pokdue7ffjs11ut01tlbz8vd	[1050, 1680]	513.498	37	Female		Not Hispanic or Latino	['White']	Some college	
ppgaa4b9lf025gzc9hwou4mw	[768, 1366]	337.821	31	Female		Not Hispanic or Latino	['White']	Associate degree	
prdofq7u9tkkvkck8m7xie8w	[1003, 1504]	322.732	18	Female		Not Hispanic or Latino	['White']	Some college	
prkhyfa6fd5ayfeikqca3qfy	[912, 1368]	290.261	27	Female		Not Hispanic or Latino	['White']	Master degree or higher	
ps64gfysthazzxn96y0ivvxo	[912, 1368]	423.029	24	Female		Not Hispanic or Latino	['White']	Master degree or higher	
psu9ejb0nod8jsjnr4lr1udy	[768, 1366]	273.874	20	Female		Not Hispanic or Latino	['White']	Some college	
pt74ju3ssmmsbuuyghetggkp	[1120, 1792]	333.596	20	Female		Not Hispanic or Latino	['White']	Some college	no
ptw5g0wqht0etqejsth5t9ee	[900, 1440]	344.921	22	Female		Not Hispanic or Latino	['White']	Some college	the images were good sizes
pviq9pv56md70gx26p60e6t9	[900, 1440]	297.978	18	Female		Not Hispanic or Latino	['White']	High school	
px4ju8r61ybcynbetn4fpkpu	[900, 1440]	394.795	20	Female		Not Hispanic or Latino	['White']	Some college	
pz33t09htiil1kzttvp8hrqd	[900, 1440]	376.809	29	Female		Not Hispanic or Latino	['White']	Bachelor degree	
pzomn4d304twbs33rvirrj41	[1080, 1920]	432.263	39	Female		Hispanic or Latino	['White']	Some college	
qihx5unmoy0nkmmv0u2da7h2	[900, 1440]	424.582	24	Female		Not Hispanic or Latino	['American Indian/Alaska Native', 'Asian', 'White']	Bachelor degree	very engaging! I liked this survey a lot!
qkp881homezaqofyo5k476xs	[960, 1536]	188.94	19	Female		Not Hispanic or Latino	['White']	High school	
qljtqe2mz191ug4t0t8d6ty0	[900, 1440]	369.485	20	Female		Not Hispanic or Latino	['White']	Some college	
qqux8g17dcceudbvbv8p0tc8	[720, 1280]	341.03	52	Male		Not Hispanic or Latino	['White']	Master degree or higher	NA
qqwgzfhtt4yewcjcf5f8oeii	[900, 1440]	537.295	26	Female		Not Hispanic or Latino	['White']	Bachelor degree	
qrct31ibfodan5fuwt81ohbm	[900, 1440]	234.411	18	Female		Not Hispanic or Latino	['White']	High school	
qsfx5o0gdlavorxzpk0syjw2	[900, 1440]	330.986	22	Male		Not Hispanic or Latino	['White']	High school	
qyeer2wafwandwmfhvjbnje6	[864, 1536]	416.837	20	Female		Not Hispanic or Latino	['White']	Some college	
r8t0ef6r0tzetihcebrzdrb8	[900, 1440]	508.989	18	Female		Not Hispanic or Latino	['Asian']	High school	no comment
rcxffsyt1nnw6wm7xu2ppww8	[720, 1280]	334.895	21	Female		Not Hispanic or Latino	['White']	Some college	
richzagvg42dka0e7mrfgnd8	[1440, 2560]	452.155	32	Female		Not Hispanic or Latino	['White']	High school	
rrbsr9blf9a5qrata36xbmsi	[900, 1440]	401.908	22	Female		Not Hispanic or Latino	['White']	Bachelor degree	
ru1g7mm0li93b0a5kgy7iwle	[900, 1440]	393.822	23	Female		Not Hispanic or Latino	['White']	Bachelor degree	
rwlzg8kcsaqou0ewatmlh92p	[829, 1243]	188.126	25	Female		Not Hispanic or Latino	['Black or African American', 'White']	Bachelor degree	
rxvhjrxxqcktokl5of1j5o45	[900, 1440]	431.464	20	Female		Not Hispanic or Latino	['White']	Some college	
ryw7v5wfb5ww4p4xuld8wesj	[768, 1366]	307.527	21	Female		Not Hispanic or Latino	['White']	Some college	images were a little overwhelming on part two
rzkrtrpsoyeqehqc907403jv	[1080, 1920]	347.138	26	Female		Not Hispanic or Latino	['White']	Bachelor degree	
s0vso34kr4rilv4fnctdkufo	[800, 1280]	344.134	24	Female		Not Hispanic or Latino	['White']	Associate degree	Shapes were a little small in some pictures
s5xgmaazlfygg8xzy7nhavr6	[900, 1440]	374.037	27	Female		Not Hispanic or Latino	['White']	Bachelor degree	
s664797k76032w0fsrdmz7hp	[900, 1440]	318.495	27	Female		Not Hispanic or Latino	['White']	Master degree or higher	
s88uka5ddbitw78yh38aey4k	[900, 1440]	329.844	25	Female		Not Hispanic or Latino	['White']	Master degree or higher	
s8ax8r0ez3gvlpnhof1ephm3	[1080, 1920]	305.574	28	Female		Not Hispanic or Latino	['White']	Some college	
s9c2f6vyt0pgkv6aybfkhw02	[900, 1440]	415.4	18	Female		Not Hispanic or Latino	['White']	High school	
sh1o7xm3qnq9zor7lhk40kev	[900, 1440]	405.852	21	Female		Hispanic or Latino	['White']	High school	
slmyics08xxfmgiffkgogqzd	[1080, 1920]	328.238	23	Female		Not Hispanic or Latino	['White']	Bachelor degree	
sp7f8oz05pwwhr7iggky2sub	[900, 1440]	352.455	19	Female		Not Hispanic or Latino	['White']	Some college	no comment
spbaim1ubor9d9sbweslv8or	[800, 1422]	248.917	19	Female		Not Hispanic or Latino	['White']	Some college	
sq3n2yrc9oix9xbf7j6ta6kf	[900, 1440]	486.966	18	Female		Not Hispanic or Latino	['Asian']	High school	
srue929wie58a44hsus7u3pq	[900, 1440]	284.734	20	Female		Not Hispanic or Latino	['White']	Some college	
sw1664uyq2kk0hiy93um28y2	[768, 1366]	525.011	39	Male		Not Hispanic or Latino	['American Indian/Alaska Native', 'Native Hawaiian or other Pacific Islander', 'Black or African American']	Associate degree	No comment
t9b1x9y0oyxcf8vhff8buu0x	[768, 1366]	308.095	20	Female		Not Hispanic or Latino	['White']	Some college	no comment
t9l0php3oidzp3sm146gdzbc	[900, 1440]	448.627	23	Female		Not Hispanic or Latino	['White']	Bachelor degree	Many of the images were too small. The shade of blue was often a little tough on the eyes as well from that small of an image.
tbb3mwap256tjfutn1ylzrmr	[800, 1422]	335.417	23	Female		Not Hispanic or Latino	['White']	Bachelor degree	
tfa4znf5y1wsi4l6kt8uizdx	[900, 1440]	390.272	21	Female		Not Hispanic or Latino	['White']	High school	
tlvesdku3wbrjmw2vc81o2yv	[1050, 1680]	266.852	24	Female		Not Hispanic or Latino	['White']	Bachelor degree	these were so hard haha
tnhklic5iyq0vh5fqatla2al	[900, 1440]	386.434	22	Female		Not Hispanic or Latino	['White']	Bachelor degree	
tpmo45du0hq5ms9ozxyspwcd	[900, 1440]	317.726	18	Female		Not Hispanic or Latino	['White']	Some college	
ty1wskoh98xaoxyihob0v19g	[900, 1440]	409.646	19	Female		Not Hispanic or Latino	['White']	Associate degree	
u2wlh2xmb8r1v9sg8vxivzbz	[800, 1280]	348.824	37	Female		Not Hispanic or Latino	['White']	Master degree or higher	
u7py5mlbbtkxhsf04vzxf5q2	[864, 1536]	334.33	24	Female		Not Hispanic or Latino	['White']	Some college	
ujgygyxx3lie3tjq12bmw19g	[1080, 1920]	382.394	28	Female		Hispanic or Latino	['Rather not say']	Some college	
ujvb7963rvrp03czb7gwkpiy	[864, 1536]	327.464	23	Female		Not Hispanic or Latino	['Asian']	Bachelor degree	
uoqadaa6ak52gddbv6let3aw	[800, 1280]	488.194	51	Female		Not Hispanic or Latino	['White']	Bachelor degree	
uqom99g7ey39ch27dt56mi4a	[1440, 2560]	423.485	25	Female		Not Hispanic or Latino	['White']	Bachelor degree	No comment
us4eun7345fmumzs9dz3itmy	[900, 1440]	296.215	18	Female		Not Hispanic or Latino	['White']	High school	
usxqlkcwscnhe9ht38avmk52	[900, 1440]	504.738	24	Male		Not Hispanic or Latino	['White']	Some college	
utx231aq2hi839r9d441k2ga	[900, 1440]	253.711	20	Female		Not Hispanic or Latino	['White']	Some college	
v077itmn4fcuk26clbe27c2y	[900, 1440]	324.061	20	Female		Not Hispanic or Latino	['White']	High school	
v1drvbjxr5612wvtf94js1ox	[1120, 1792]	393.849	19	Female		Not Hispanic or Latino	['White']	Some college	
v7ahvqm23r0dh50av05yez69	[900, 1440]	281.973	19	Female		Not Hispanic or Latino	['White']	Some college	
vajyhtc5oy4sv1uiga20e6fy	[900, 1440]	262.305	22	Female		Not Hispanic or Latino	['White']	Some college	
vj8758r7tzrlqkhrm38dt8kg	[864, 1536]	331.842	19	Female		Not Hispanic or Latino	['Asian', 'White']	Some college	
vkfqzm7m5gtz5xl8jqnu1o2w	[1050, 1680]	332.605	22	Female		Not Hispanic or Latino	['White']	Some college	no comment
vlilw8g7c0f9b1lyd7062o59	[768, 1366]	302.638	28	Female		Not Hispanic or Latino	['White']	Bachelor degree	
vn5vsnpp3hkf9rdf4jzzhxzo	[900, 1440]	476.842	21	Female		Hispanic or Latino	['Rather not say']	Bachelor degree	
vno1r5izi6xu4qgr0ygzsp4m	[900, 1440]	317.626	19	Female		Not Hispanic or Latino	['White']	Some college	
volpnekr5yah8grtws09izkp	[800, 1280]	390.683	18	Female		Not Hispanic or Latino	['Asian', 'White']	High school	No comment
vqadqpwhsiy6f1m3dv43bpzc	[900, 1440]	384.431	18	Female		Not Hispanic or Latino	['White']	High school	no comment
vqjjti1tfihk2z23c04g2j6d	[900, 1440]	256.912	21	Female		Not Hispanic or Latino	['White']	Some college	
vql2msmflray2huzrs0k4c1w	[864, 1536]	425.221	27	Female		Not Hispanic or Latino	['White']	Bachelor degree	
vwpz9qs5dz3d9w0yzqt3gczb	[888, 1422]	291.879	24	Female		Hispanic or Latino	['White']	Some college	
vxqdd4cikkvjqng6qsa68pbq	[900, 1440]	682.156	20	Male		Hispanic or Latino	['White']	Some college	
vymrc339mr590qlz88yjvwdz	[750, 1200]	352.747	23	Female		Not Hispanic or Latino	['White']	Bachelor degree	
w00u1z0uplczwjhwva5rmcz1	[900, 1440]	322.862	20	Female		Hispanic or Latino	['Rather not say']	Some college	
w4ojmi3nbf00ig5go1n86ijq	[900, 1440]	463.468	19	Female		Not Hispanic or Latino	['White']	Some college	
w9hn7bwz2gwnf2dwa0jzfvzh	[900, 1440]	411.145	21	Female		Not Hispanic or Latino	['White']	Some college	no comment
wbrayn4ein1ornafqkzxqib7	[864, 1536]	306.605	25	Female		Not Hispanic or Latino	['White']	Master degree or higher	super fun!!!!!
wclxp7v1lk7nc4bn06c012jv	[900, 1440]	471.07	20	Female		Not Hispanic or Latino	['White']	Some college	
wengnax64w68gljuenmzyqqd	[900, 1440]	257.513	26	Female		Not Hispanic or Latino	['White']	Master degree or higher	
wkajt1hjtrrrwqr4qu8zfvsg	[800, 1280]	354.533	20	Female		Not Hispanic or Latino	['White']	High school	
wnkgo7hwl1kqou9ybk0qbh28	[900, 1440]	324.628	29	Female		Not Hispanic or Latino	['White']	Some college	
wq5ml1y0on92fp9ujayoln0a	[900, 1440]	401.37	19	Female		Not Hispanic or Latino	['White']	Some college	
wsfm2x8nz31jo2s681f3q556	[900, 1440]	289.329	20	Female		Not Hispanic or Latino	['Native Hawaiian or other Pacific Islander', 'White']	Associate degree	
wvlwgws9asevbhciuprmnl8m	[768, 1366]	481.461	24	Female		Not Hispanic or Latino	['White']	Less than high school	This was a fun study. Thank you!
x0ejvi2xzy1ozig1y6kjffnl	[900, 1440]	259.433	22	Female		Not Hispanic or Latino	['White']	High school	
x41von3kmtt880jdipapgh5u	[900, 1440]	357.015	20	Female		Not Hispanic or Latino	['Asian']	Some college	
x5z699na6147yuokwnni1j5k	[900, 1440]	370.706	18	Male		Not Hispanic or Latino	['White']	High school	
x64mm9omc4vz5l011jbr8hiv	[900, 1440]	355.467	24	Female		Not Hispanic or Latino	['American Indian/Alaska Native', 'Black or African American', 'White']	Bachelor degree	
xddyqw8ul4ov7lah5jskuqyy	[864, 1536]	460.564	20	Female		Hispanic or Latino	['White']	Associate degree	
xdwc1fgq59k0sj7pfonlazrn	[900, 1440]	367.935	18	Female		Not Hispanic or Latino	['White']	High school	
xej4mi7p65f4kfi5st8kj82j	[864, 1536]	315.657	27	Female		Not Hispanic or Latino	['White']	Bachelor degree	
xh456xpp4fi706w2tqkmx72r	[900, 1440]	186.539	25	Male		Not Hispanic or Latino	['Asian', 'White']	Bachelor degree	N/A
xnt4z9rf8xls7vfaxzmvvky6	[1080, 1920]	360.662	23	Female		Not Hispanic or Latino	['White']	Bachelor degree	
xx0ilpgic5d123siuza5fxdd	[1080, 1920]	309.12	22	Female		Not Hispanic or Latino	['White']	Master degree or higher	
y1wjcsezpvmmsuytboyo2ksr	[768, 1366]	510.515	38	Male		Not Hispanic or Latino	['White']	Master degree or higher	no
y2pzf1haszw0kq1gqtowdjon	[900, 1440]	452.702	18	Female		Not Hispanic or Latino	['White']	High school	
y4qhqox9ynmp15x759a60vl4	[864, 1536]	301.521	18	Female		Not Hispanic or Latino	['White']	Some college	no comment
y9w8lbj9c158wpcmqvtrxg6p	[900, 1600]	441.68	39	Female		Not Hispanic or Latino	['Black or African American']	Bachelor degree	
yag706wo0vab4v6cleo4hpwg	[775, 1600]	248.275	49	Female		Not Hispanic or Latino	['White']	Master degree or higher	I was really enjoyed this study.
ybnburmqp65m5j8hhjhwvztg	[768, 1366]	209.423	22	Female		Not Hispanic or Latino	['White']	Bachelor degree	
ydkwzjz5kc9k1a7ssyq5l51j	[864, 1536]	646.46	29	Female		Not Hispanic or Latino	['White']	Associate degree	Timing was fast
yi1wxy0hv7vxmqluf5cfj6pk	[1080, 1920]	292.394	21	Female		Not Hispanic or Latino	['White']	Some college	
yjhajg9zjrj0w16tzvsd4qq0	[1796, 980]	387.258	34	Male		Not Hispanic or Latino	['Black or African American']	Bachelor degree	
ykw9wsizlna098p5k6ybghad	[900, 1440]	370.348	27	Female		Not Hispanic or Latino	['White']	High school	images were too small
yllbniadhp4jx1ubqkkmzyu8	[900, 1440]	464.4	32	Female		Not Hispanic or Latino	['White']	Bachelor degree	
ylrtegmv4loypw576rlq3xqb	[800, 1280]	324.531	25	Female		Not Hispanic or Latino	['White']	Master degree or higher	
ypjxwfu4euvryu6t426wbr7a	[912, 1368]	292.188	21	Female		Hispanic or Latino	['Rather not say']	Bachelor degree	
yqkvwhyb2wgye7goj0ktkpbf	[900, 1440]	393.382	21	Female		Not Hispanic or Latino	['White']	Bachelor degree	
yqqvu6tjcmeu45n5yoco4hem	[1080, 1920]	422.204	40	Female		Not Hispanic or Latino	['White']	Bachelor degree	
yt5l5183flms09hs4qg4epp8	[900, 1440]	382.378	22	Female		Hispanic or Latino	['Rather not say']	Bachelor degree	
yxfptabbb9w73ayp02yu8pri	[900, 1440]	242.178	20	Female		Not Hispanic or Latino	['White']	Some college	
z2sgrx5cta3p5efi42r5uew1	[900, 1440]	396.0	28	Female		Not Hispanic or Latino	['White']	Bachelor degree	
z5glanq69n2ayamlclysb9bi	[900, 1440]	341.755	28	Male		Not Hispanic or Latino	['White']	Bachelor degree	
z65bmeqo9vgvq5hyi48l1lcf	[900, 1440]	468.925	19	Female		Not Hispanic or Latino	['White']	Some college	images could've been a little bigger
zbe6gfptq8ae6ron22rgoa69	[720, 1280]	420.88	19	Female		Not Hispanic or Latino	['White']	High school	
zgq38xwnwa8ymzbvjvlodnrj	[940, 1410]	422.563	21	Female		Not Hispanic or Latino	['White']	Associate degree	No comment.
zjpua5vmv2j1dpi7ku0gekkt	[800, 1280]	429.819	29	Female		Not Hispanic or Latino	['White']	Bachelor degree	
zkiz6zpdlkbevdh6q2rsnqsi	[900, 1440]	356.881	22	Female		Not Hispanic or Latino	['White']	Bachelor degree	
zl07u2r964jotrsjbetcejql	[775, 1600]	498.68	21	Female		Not Hispanic or Latino	['White']	Master degree or higher	I was really liked this study.
zlm9eznh9b6q9k0j0iph68gc	[900, 1440]	331.965	19	Male		Not Hispanic or Latino	['White']	Some college	
zlmgusf7atsmc5tx1w8pbhq4	[1440, 2560]	349.603	19	Male		Not Hispanic or Latino	['Asian', 'White']	Some college	
zmpsj7cxjgi2jcr01s59151u	[900, 1440]	324.554	22	Female		Not Hispanic or Latino	['White']	Bachelor degree	
ztldu143n3d2lp81riqc7pph	[1440, 2560]	234.994	20	Male		Not Hispanic or Latino	['Asian']	Bachelor degree	
zvqf3ssyoifsnjlsq0h6huha	[900, 1440]	349.826	20	Female		Not Hispanic or Latino	['White']	Some college	
zzo9v1zukcxpw6j68690fmxk	[768, 1360]	601.368	24	Female		Not Hispanic or Latino	['White']	Bachelor degree	full 30 second countdown instead of the last 5 seconds
